Name,Maths,Physics,Chemistry,English,Computer Science,Total,Average,Result,Rank
Student 6,76,91,80,84,93,424,84.8,Pass,1
Student 5,71,89,44,91,91,386,77.2,Pass,2
Student 30,81,91,87,81,41,381,76.2,Pass,3
Student 4,62,87,51,78,88,366,73.2,Pass,4
Student 12,92,47,73,63,91,366,73.2,Pass,4
Student 19,77,52,91,66,73,359,71.8,Pass,6
Student 22,71,80,92,81,33,357,71.4,Fail,7
Student 25,71,74,91,86,35,357,71.4,Fail,7
Student 29,80,73,53,88,61,355,71.0,Pass,9
Student 28,99,56,38,91,66,350,70.0,Fail,10
Student 14,82,53,55,89,70,349,69.8,Pass,11
Student 24,42,61,88,57,95,343,68.6,Pass,12
Student 26,57,57,73,59,91,337,67.4,Pass,13
Student 3,67,31,93,89,50,330,66.0,Fail,14
Student 13,43,77,44,91,69,324,64.8,Pass,15
Student 1,81,44,90,50,53,318,63.6,Pass,16
Student 10,76,64,65,79,33,317,63.4,Fail,17
Student 9,82,31,89,73,37,312,62.4,Fail,18
Student 15,58,44,74,94,38,308,61.6,Fail,19
Student 27,91,30,56,91,32,300,60.0,Fail,20
Student 20,64,94,76,32,30,296,59.2,Fail,21
Student 17,64,64,62,34,70,294,58.8,Fail,22
Student 23,52,44,72,58,65,291,58.2,Pass,23
Student 7,32,80,36,50,68,266,53.2,Fail,24
Student 11,31,35,83,33,83,265,53.0,Fail,25
Student 18,57,36,41,63,62,259,51.8,Fail,26
Student 2,32,51,82,31,59,255,51.0,Fail,27
Student 8,47,33,89,43,38,250,50.0,Fail,28
Student 16,30,37,92,40,37,236,47.2,Fail,29
Student 21,34,43,56,38,44,215,43.0,Fail,30
